[
  [
    "lastUpdate",
    "Sun Aug 22 2021 12:26:16 GMT+1200 (New Zealand Standard Time)"
  ],
  [
    "INTERNAL/VIRTUAL_FILE_SYSTEM",
    {
      "src\\loot_chests.mc": {
        "data\\minecraft\\tags\\functions\\load.json": 683815169,
        "data\\minecraft\\tags\\functions\\tick.json": 1864202034,
        "data\\loot_chests\\functions\\z_internals\\say_no_loot_chests_found.mcfunction": 3436299237,
        "data\\loot_chests\\functions\\z_internals\\create_physical_loot_chest_block_at_current_location.mcfunction": 915766233,
        "data\\loot_chests\\functions\\z_internals\\create_physical_loot_chest_source_block_at_current_location.mcfunction": 2163948128,
        "data\\loot_chests\\functions\\load.mcfunction": 1310155265,
        "data\\loot_chests\\functions\\uninstall.mcfunction": 1648210223,
        "data\\loot_chests\\functions\\z__generated__\\conditional\\0.mcfunction": 2056101890,
        "data\\loot_chests\\functions\\z__generated__\\conditional\\1.mcfunction": 3056368381,
        "data\\loot_chests\\functions\\get_chest_type.mcfunction": 4223681968,
        "data\\loot_chests\\functions\\z__generated__\\conditional\\3.mcfunction": 3783539813,
        "data\\loot_chests\\functions\\z__generated__\\conditional\\2.mcfunction": 45663349,
        "data\\loot_chests\\functions\\z__generated__\\conditional\\4.mcfunction": 4027184914,
        "data\\loot_chests\\functions\\create_loot_chest.mcfunction": 275499919,
        "data\\loot_chests\\functions\\z__generated__\\conditional\\6.mcfunction": 1914762799,
        "data\\loot_chests\\functions\\z__generated__\\conditional\\5.mcfunction": 2132310669,
        "data\\loot_chests\\functions\\z__generated__\\conditional\\7.mcfunction": 3378270980,
        "data\\loot_chests\\functions\\remove_loot_chest.mcfunction": 3356174902,
        "data\\loot_chests\\functions\\z__generated__\\conditional\\9.mcfunction": 1081302055,
        "data\\loot_chests\\functions\\z__generated__\\conditional\\8.mcfunction": 242236169,
        "data\\loot_chests\\functions\\z__generated__\\conditional\\10.mcfunction": 125167119,
        "data\\loot_chests\\functions\\create_loot_chest_source.mcfunction": 2516348018,
        "data\\loot_chests\\functions\\z__generated__\\conditional\\12.mcfunction": 935603442,
        "data\\loot_chests\\functions\\z__generated__\\conditional\\11.mcfunction": 354155162,
        "data\\loot_chests\\functions\\z__generated__\\conditional\\13.mcfunction": 3378270980,
        "data\\loot_chests\\functions\\remove_loot_chest_source.mcfunction": 3948713236,
        "data\\loot_chests\\functions\\z__generated__\\conditional\\14.mcfunction": 4136103811,
        "data\\loot_chests\\functions\\z__generated__\\conditional\\15.mcfunction": 611087088,
        "data\\loot_chests\\functions\\z__generated__\\conditional\\16.mcfunction": 1591948941,
        "data\\loot_chests\\functions\\z__generated__\\conditional\\17.mcfunction": 1420562846,
        "data\\loot_chests\\functions\\z__generated__\\conditional\\19.mcfunction": 2573814783,
        "data\\loot_chests\\functions\\z__generated__\\conditional\\20.mcfunction": 3255291010,
        "data\\loot_chests\\functions\\z__generated__\\conditional\\21.mcfunction": 3378270980,
        "data\\loot_chests\\functions\\z__generated__\\conditional\\18.mcfunction": 356425153,
        "data\\loot_chests\\functions\\z__generated__\\conditional\\24.mcfunction": 185246461,
        "data\\loot_chests\\functions\\z__generated__\\conditional\\23.mcfunction": 2851324091,
        "data\\loot_chests\\functions\\z__generated__\\conditional\\22.mcfunction": 743228724,
        "data\\loot_chests\\functions\\tick.mcfunction": 662701856
      }
    }
  ]
]